{
  "number_of_datasets": 12,
  "init_dataset_size": 100,
  "dataset_fields": [
    "first_name",
    "last_name",
    "father"
  ],
  "levels": [
    [
      0.67,
      0.67,
      0.67
    ],
    [
      0.68,
      0.68,
      0.68
    ],
    [
      0.69,
      0.69,
      0.69
    ],
    [
      0.7,
      0.7,
      0.7
    ],
    [
      0.71,
      0.71,
      0.71
    ],
    [
      0.72,
      0.72,
      0.72
    ],
    [
      0.73,
      0.73,
      0.73
    ],
    [
      0.74,
      0.74,
      0.74
    ]
  ],
  "list2float_function": "norm",
  "record_comparision_function": "and",
  "average_results": {
    "[0.67, 0.67, 0.67]": {
      "errors": 5.416666666666667,
      "accuracy": 0.961
    },
    "[0.68, 0.68, 0.68]": {
      "errors": 5.416666666666667,
      "accuracy": 0.961
    },
    "[0.69, 0.69, 0.69]": {
      "errors": 5.416666666666667,
      "accuracy": 0.961
    },
    "[0.7, 0.7, 0.7]": {
      "errors": 5.416666666666667,
      "accuracy": 0.961
    },
    "[0.71, 0.71, 0.71]": {
      "errors": 5.416666666666667,
      "accuracy": 0.961
    },
    "[0.72, 0.72, 0.72]": {
      "errors": 6.083333333333333,
      "accuracy": 0.9561666666666668
    },
    "[0.73, 0.73, 0.73]": {
      "errors": 6.083333333333333,
      "accuracy": 0.9561666666666668
    },
    "[0.74, 0.74, 0.74]": {
      "errors": 6.083333333333333,
      "accuracy": 0.9561666666666668
    }
  },
  "total_time": "0:00:18.889549"
}